Grup,Kelas,Mean,Std
A,organik,0.46155507987129024,0.17360234474491046
A,plastik,0.3442775432024623,0.1815830412301774
A,logam,0.36624832834131227,0.1708132803875784
B,organik,0.4601921833205559,0.17460450539200367
B,plastik,0.3421030250241654,0.17886156296603087
B,logam,0.3662421062310347,0.17078513967016945
