Grup,Kelas,Mean,Std
A,organik,7.211570544559638,5.3714394686060185
A,plastik,4.94833347021783,4.358867576981514
A,logam,5.134836346384168,4.685428703364477
B,organik,7.255058195153062,5.350217506544195
B,plastik,4.85865021789966,4.277627194138008
B,logam,5.133992346938775,4.684875553529956
