Fitur,Kelas,Mean_A,Mean_B,U_Statistic,p_value,Significant
kepadatan_tepi,organik,7.211570544559638,7.255058195153062,3628031.0,0.633206254933599,False
kepadatan_tepi,plastik,4.94833347021783,4.85865021789966,3302502.5,0.5790076611397041,False
kepadatan_tepi,logam,5.134836346384168,5.133992346938775,4498958.5,0.9945516075730996,False
kontras,organik,0.46155507987129024,0.4601921833205559,3680125.5,0.6687837489142899,False
kontras,plastik,0.3442775432024623,0.3421030250241654,3290169.0,0.7467842952879722,False
kontras,logam,0.36624832834131227,0.3662421062310347,4498371.5,0.9984772944761852,False
